{
    "TotalJmeter": {
        "sampleCount": 540,
        "meanResTime": 5.396296296296295,
        "receivedKBytesPerSec": 22.19370315981365,
        "sentKBytesPerSec": 22.253044612112618,
        "errorPct": 80
    },
    "Recordings": 420,
    "Trace": 540,
    "Trace_Succes": 420,
    "Trace_Succes_Before": 47163,
    "Trace_Error": 120,
    "Trace_Error_Before": 814390,
    "StartTime": "2021-11-24 15:13:51.557789",
    "version": "6.1.16.2751"
}