{
  "/err" : {
    "transaction" : "/err",
    "sampleCount" : 3227,
    "errorCount" : 3227,
    "errorPct" : 100.0,
    "meanResTime" : 12.075612023551283,
    "medianResTime" : 8.0,
    "minResTime" : 2.0,
    "maxResTime" : 176.0,
    "pct1ResTime" : 24.0,
    "pct2ResTime" : 31.0,
    "pct3ResTime" : 92.4399999999996,
    "throughput" : 1192.5351071692537,
    "receivedKBytesPerSec" : 3077.9983283675165,
    "sentKBytesPerSec" : 0.0
  },
  "Test" : {
    "transaction" : "Test",
    "sampleCount" : 3227,
    "errorCount" : 3227,
    "errorPct" : 100.0,
    "meanResTime" : 12.075612023551281,
    "medianResTime" : 8.0,
    "minResTime" : 2.0,
    "maxResTime" : 176.0,
    "pct1ResTime" : 24.0,
    "pct2ResTime" : 31.0,
    "pct3ResTime" : 92.4399999999996,
    "throughput" : 1192.0945696342815,
    "receivedKBytesPerSec" : 3076.8612768978574,
    "sentKBytesPerSec" : 0.0
  },
  "Total" : {
    "transaction" : "Total",
    "sampleCount" : 3227,
    "errorCount" : 3227,
    "errorPct" : 100.0,
    "meanResTime" : 12.075612023551283,
    "medianResTime" : 8.0,
    "minResTime" : 2.0,
    "maxResTime" : 176.0,
    "pct1ResTime" : 24.0,
    "pct2ResTime" : 31.0,
    "pct3ResTime" : 92.4399999999996,
    "throughput" : 1192.5351071692537,
    "receivedKBytesPerSec" : 3077.9983283675165,
    "sentKBytesPerSec" : 0.0
  }
}