{
  "/err" : {
    "transaction" : "/err",
    "sampleCount" : 180,
    "errorCount" : 180,
    "errorPct" : 100.0,
    "meanResTime" : 6.088888888888885,
    "medianResTime" : 6.0,
    "minResTime" : 4.0,
    "maxResTime" : 18.0,
    "pct1ResTime" : 7.0,
    "pct2ResTime" : 9.949999999999989,
    "pct3ResTime" : 16.379999999999995,
    "throughput" : 18.229694146242657,
    "receivedKBytesPerSec" : 9.39968604415637,
    "sentKBytesPerSec" : 6.658110947944095
  },
  "/NoSuchMethodException" : {
    "transaction" : "/NoSuchMethodException",
    "sampleCount" : 240,
    "errorCount" : 240,
    "errorPct" : 100.0,
    "meanResTime" : 5.183333333333331,
    "medianResTime" : 5.0,
    "minResTime" : 2.0,
    "maxResTime" : 23.0,
    "pct1ResTime" : 7.900000000000006,
    "pct2ResTime" : 8.949999999999989,
    "pct3ResTime" : 14.590000000000003,
    "throughput" : 35.47671840354767,
    "receivedKBytesPerSec" : 15.69429046563193,
    "sentKBytesPerSec" : 15.417128603104214
  },
  "Test" : {
    "transaction" : "Test",
    "sampleCount" : 120,
    "errorCount" : 120,
    "errorPct" : 100.0,
    "meanResTime" : 21.191666666666674,
    "medianResTime" : 21.0,
    "minResTime" : 16.0,
    "maxResTime" : 37.0,
    "pct1ResTime" : 26.900000000000006,
    "pct2ResTime" : 28.0,
    "pct3ResTime" : 35.94999999999996,
    "throughput" : 20.449897750511248,
    "receivedKBytesPerSec" : 32.07278885480572,
    "sentKBytesPerSec" : 33.71037832310838
  },
  "Total" : {
    "transaction" : "Total",
    "sampleCount" : 540,
    "errorCount" : 420,
    "errorPct" : 77.77778,
    "meanResTime" : 5.396296296296295,
    "medianResTime" : 5.0,
    "minResTime" : 2.0,
    "maxResTime" : 23.0,
    "pct1ResTime" : 7.0,
    "pct2ResTime" : 8.949999999999932,
    "pct3ResTime" : 14.590000000000032,
    "throughput" : 54.68908243872797,
    "receivedKBytesPerSec" : 22.19370315981365,
    "sentKBytesPerSec" : 22.253044612112618
  },
  "/" : {
    "transaction" : "/",
    "sampleCount" : 120,
    "errorCount" : 0,
    "errorPct" : 0.0,
    "meanResTime" : 4.783333333333332,
    "medianResTime" : 4.0,
    "minResTime" : 3.0,
    "maxResTime" : 13.0,
    "pct1ResTime" : 6.0,
    "pct2ResTime" : 7.0,
    "pct3ResTime" : 12.789999999999992,
    "throughput" : 20.829717063009895,
    "receivedKBytesPerSec" : 3.498741537927443,
    "sentKBytesPerSec" : 8.624804721402533
  }
}